organisation,Election Commission of India
sectors,"undefined"
updated_frequency,Quarterly
granularity,"Year, Month, State, City"
time_saved,6 hours
source,"Multiple RTI responses with State Bank of India"
source_link,""
time_period,"2017-18 to 2023-24"
units,"total_bonds in absolute number, value_of_bonds in indian rupees"
citation,"Election Commission of India. Electoral Bonds - Master Data: Year-, State-, Phase- and Type-of-Bond-wise Total Number and Value of Electoral Bonds Sold/Purchased and Encashed/Redeemed (as of February, 2024) [Data set]. Dataful. 14716"