organisation,Election Commission of India
sectors,"undefined"
updated_frequency,Quarterly
granularity,"State, City"
time_saved,5 hours
source,"Multiple RTI responses with State Bank of India"
source_link,""
time_period,"2017-18 to 2023-24"
units,"sold_or_purchased, redeemed_or_encashed in indian rupees"
citation,"Election Commission of India. Electoral Bonds: State- and City-wise Total Value of Electoral Bonds Sold/Purchased and Encashed/Redeemed (as of February, 2024) [Data set]. Dataful. 14719"