organisation,Election Commission of India
sectors,"undefined"
updated_frequency,Not Applicable
granularity,"Date, Political Party, Organisation"
time_saved,4 hours
source,"Election Commission of India"
source_link,"https://www.eci.gov.in/disclosure-of-electoral-bonds"
time_period,"2019 to 2024"
units,"amount in indian rupees"
citation,"Election Commission of India. Matched Data of Electoral Bonds: Donor & Recipient-wise matched data based on Electoral Bond Code (as per Data shared by SBI with the ECI) [Data set]. Dataful. 19700"